-- MySQL dump 10.13  Distrib 8.0.17, for Win64 (x86_64)
--
-- Host: localhost    Database: parcialsw2
-- ------------------------------------------------------
-- Server version	8.0.17

/*!40101 SET @OLD_CHARACTER_SET_CLIENT=@@CHARACTER_SET_CLIENT */;
/*!40101 SET @OLD_CHARACTER_SET_RESULTS=@@CHARACTER_SET_RESULTS */;
/*!40101 SET @OLD_COLLATION_CONNECTION=@@COLLATION_CONNECTION */;
/*!50503 SET NAMES utf8 */;
/*!40103 SET @OLD_TIME_ZONE=@@TIME_ZONE */;
/*!40103 SET TIME_ZONE='+00:00' */;
/*!40014 SET @OLD_UNIQUE_CHECKS=@@UNIQUE_CHECKS, UNIQUE_CHECKS=0 */;
/*!40014 SET @OLD_FOREIGN_KEY_CHECKS=@@FOREIGN_KEY_CHECKS, FOREIGN_KEY_CHECKS=0 */;
/*!40101 SET @OLD_SQL_MODE=@@SQL_MODE, SQL_MODE='NO_AUTO_VALUE_ON_ZERO' */;
/*!40111 SET @OLD_SQL_NOTES=@@SQL_NOTES, SQL_NOTES=0 */;

--
-- Table structure for table `fotos`
--

DROP TABLE IF EXISTS `fotos`;
/*!40101 SET @saved_cs_client     = @@character_set_client */;
/*!50503 SET character_set_client = utf8mb4 */;
CREATE TABLE `fotos` (
  `idfotos` int(11) NOT NULL AUTO_INCREMENT,
  `path` varchar(100) DEFAULT NULL,
  `filename` varchar(100) DEFAULT NULL,
  `producto_idproducto` int(11) NOT NULL,
  PRIMARY KEY (`idfotos`),
  KEY `fk_fotos_producto2_idx` (`producto_idproducto`),
  CONSTRAINT `fk_fotos_producto2` FOREIGN KEY (`producto_idproducto`) REFERENCES `producto` (`idproducto`)
) ENGINE=InnoDB AUTO_INCREMENT=13 DEFAULT CHARSET=utf8;
/*!40101 SET character_set_client = @saved_cs_client */;

--
-- Dumping data for table `fotos`
--

LOCK TABLES `fotos` WRITE;
/*!40000 ALTER TABLE `fotos` DISABLE KEYS */;
INSERT INTO `fotos` VALUES (1,'/img/productoFotos/','bg-img.jpg',1),(2,'/img/productoFotos/','chompaPrueba.jpg',2),(3,'/img/productoFotos/','A_ti_no_te_sale.jpg',3),(4,'/img/productoFotos/','A_ti_no_te_sale.jpg',4),(5,'/img/productoFotos/','A_ti_no_te_sale.jpg',5),(6,'/img/productoFotos/','makita.png',6),(7,'/img/productoFotos/','makita.png',7),(8,'/img/productoFotos/','makita.png',8);
/*!40000 ALTER TABLE `fotos` ENABLE KEYS */;
UNLOCK TABLES;

--
-- Table structure for table `pedidos`
--

DROP TABLE IF EXISTS `pedidos`;
/*!40101 SET @saved_cs_client     = @@character_set_client */;
/*!50503 SET character_set_client = utf8mb4 */;
CREATE TABLE `pedidos` (
  `idpedidos` int(11) NOT NULL AUTO_INCREMENT,
  `codigopedido` varchar(45) NOT NULL,
  `totalpagado` double NOT NULL,
  `fechadecompra` varchar(45) NOT NULL,
  `usuario_idusuario` int(11) NOT NULL,
  PRIMARY KEY (`idpedidos`),
  KEY `fk_pedidos_usuario1_idx` (`usuario_idusuario`),
  CONSTRAINT `fk_pedidos_usuario1` FOREIGN KEY (`usuario_idusuario`) REFERENCES `usuario` (`idusuario`)
) ENGINE=InnoDB AUTO_INCREMENT=2 DEFAULT CHARSET=utf8;
/*!40101 SET character_set_client = @saved_cs_client */;

--
-- Dumping data for table `pedidos`
--

LOCK TABLES `pedidos` WRITE;
/*!40000 ALTER TABLE `pedidos` DISABLE KEYS */;
INSERT INTO `pedidos` VALUES (1,'PE050620201',5.7,'05/06/2020',3);
/*!40000 ALTER TABLE `pedidos` ENABLE KEYS */;
UNLOCK TABLES;

--
-- Table structure for table `producto`
--

DROP TABLE IF EXISTS `producto`;
/*!40101 SET @saved_cs_client     = @@character_set_client */;
/*!50503 SET character_set_client = utf8mb4 */;
CREATE TABLE `producto` (
  `idproducto` int(11) NOT NULL AUTO_INCREMENT,
  `codigoproducto` varchar(4) NOT NULL,
  `nombreproducto` varchar(45) NOT NULL,
  `precio` double NOT NULL,
  `stock` int(11) DEFAULT NULL,
  `descripcion` varchar(45) NOT NULL,
  PRIMARY KEY (`idproducto`)
) ENGINE=InnoDB AUTO_INCREMENT=9 DEFAULT CHARSET=utf8;
/*!40101 SET character_set_client = @saved_cs_client */;

--
-- Dumping data for table `producto`
--

LOCK TABLES `producto` WRITE;
/*!40000 ALTER TABLE `producto` DISABLE KEYS */;
INSERT INTO `producto` VALUES (1,'GAL','galleta',0.7,40,'chocolate y vainilla'),(2,'AZU','azucar',5,12,'solo rubia por kilo'),(3,'MEN','menestra',1,50,'Toda menestra a un precio'),(4,'GAS','gaseosa',2,20,'Inka kola no mÃƒÆ’Ã‚Â¡s'),(5,'AGU','agua',1,50,'San Mateo malantial'),(6,'CHU','chupetin',0.5,25,'Solo de chapulin'),(7,'ASD','ASDF',2,1,'SDS'),(8,'DSA','ASDFG',3,2,'SDSG');
/*!40000 ALTER TABLE `producto` ENABLE KEYS */;
UNLOCK TABLES;

--
-- Table structure for table `producto_has_pedidos`
--

DROP TABLE IF EXISTS `producto_has_pedidos`;
/*!40101 SET @saved_cs_client     = @@character_set_client */;
/*!50503 SET character_set_client = utf8mb4 */;
CREATE TABLE `producto_has_pedidos` (
  `producto_idproducto` int(11) NOT NULL,
  `pedidos_idpedidos` int(11) NOT NULL,
  `cantidad` int(11) DEFAULT NULL,
  PRIMARY KEY (`producto_idproducto`,`pedidos_idpedidos`),
  KEY `fk_producto_has_pedidos_pedidos1_idx` (`pedidos_idpedidos`),
  KEY `fk_producto_has_pedidos_producto1_idx` (`producto_idproducto`),
  CONSTRAINT `fk_producto_has_pedidos_pedidos1` FOREIGN KEY (`pedidos_idpedidos`) REFERENCES `pedidos` (`idpedidos`),
  CONSTRAINT `fk_producto_has_pedidos_producto1` FOREIGN KEY (`producto_idproducto`) REFERENCES `producto` (`idproducto`)
) ENGINE=InnoDB DEFAULT CHARSET=utf8;
/*!40101 SET character_set_client = @saved_cs_client */;

--
-- Dumping data for table `producto_has_pedidos`
--

LOCK TABLES `producto_has_pedidos` WRITE;
/*!40000 ALTER TABLE `producto_has_pedidos` DISABLE KEYS */;
INSERT INTO `producto_has_pedidos` VALUES (1,1,2),(2,1,3);
/*!40000 ALTER TABLE `producto_has_pedidos` ENABLE KEYS */;
UNLOCK TABLES;

--
-- Table structure for table `rol`
--

DROP TABLE IF EXISTS `rol`;
/*!40101 SET @saved_cs_client     = @@character_set_client */;
/*!50503 SET character_set_client = utf8mb4 */;
CREATE TABLE `rol` (
  `idrol` int(11) NOT NULL AUTO_INCREMENT,
  `nombre` varchar(45) DEFAULT NULL,
  PRIMARY KEY (`idrol`)
) ENGINE=InnoDB AUTO_INCREMENT=4 DEFAULT CHARSET=utf8;
/*!40101 SET character_set_client = @saved_cs_client */;

--
-- Dumping data for table `rol`
--

LOCK TABLES `rol` WRITE;
/*!40000 ALTER TABLE `rol` DISABLE KEYS */;
INSERT INTO `rol` VALUES (1,'administrador'),(2,'gestor'),(3,'registrado');
/*!40000 ALTER TABLE `rol` ENABLE KEYS */;
UNLOCK TABLES;

--
-- Table structure for table `spring_session`
--

DROP TABLE IF EXISTS `spring_session`;
/*!40101 SET @saved_cs_client     = @@character_set_client */;
/*!50503 SET character_set_client = utf8mb4 */;
CREATE TABLE `spring_session` (
  `PRIMARY_ID` char(36) NOT NULL,
  `SESSION_ID` char(36) NOT NULL,
  `CREATION_TIME` bigint(20) NOT NULL,
  `LAST_ACCESS_TIME` bigint(20) NOT NULL,
  `MAX_INACTIVE_INTERVAL` int(11) NOT NULL,
  `EXPIRY_TIME` bigint(20) NOT NULL,
  `PRINCIPAL_NAME` varchar(100) DEFAULT NULL,
  PRIMARY KEY (`PRIMARY_ID`),
  UNIQUE KEY `SPRING_SESSION_IX1` (`SESSION_ID`),
  KEY `SPRING_SESSION_IX2` (`EXPIRY_TIME`),
  KEY `SPRING_SESSION_IX3` (`PRINCIPAL_NAME`)
) ENGINE=InnoDB DEFAULT CHARSET=utf8 ROW_FORMAT=DYNAMIC;
/*!40101 SET character_set_client = @saved_cs_client */;

--
-- Dumping data for table `spring_session`
--

LOCK TABLES `spring_session` WRITE;
/*!40000 ALTER TABLE `spring_session` DISABLE KEYS */;
INSERT INTO `spring_session` VALUES ('8aef7e44-fd4a-411a-8789-e0562220c42c','cc12d9be-0433-4648-8f55-360b60515f03',1591613963633,1591613968050,1800,1591615768050,NULL);
/*!40000 ALTER TABLE `spring_session` ENABLE KEYS */;
UNLOCK TABLES;

--
-- Table structure for table `spring_session_attributes`
--

DROP TABLE IF EXISTS `spring_session_attributes`;
/*!40101 SET @saved_cs_client     = @@character_set_client */;
/*!50503 SET character_set_client = utf8mb4 */;
CREATE TABLE `spring_session_attributes` (
  `SESSION_PRIMARY_ID` char(36) NOT NULL,
  `ATTRIBUTE_NAME` varchar(200) NOT NULL,
  `ATTRIBUTE_BYTES` blob NOT NULL,
  PRIMARY KEY (`SESSION_PRIMARY_ID`,`ATTRIBUTE_NAME`),
  CONSTRAINT `SPRING_SESSION_ATTRIBUTES_FK` FOREIGN KEY (`SESSION_PRIMARY_ID`) REFERENCES `spring_session` (`PRIMARY_ID`) ON DELETE CASCADE
) ENGINE=InnoDB DEFAULT CHARSET=utf8 ROW_FORMAT=DYNAMIC;
/*!40101 SET character_set_client = @saved_cs_client */;

--
-- Dumping data for table `spring_session_attributes`
--

LOCK TABLES `spring_session_attributes` WRITE;
/*!40000 ALTER TABLE `spring_session_attributes` DISABLE KEYS */;
INSERT INTO `spring_session_attributes` VALUES ('8aef7e44-fd4a-411a-8789-e0562220c42c','org.springframework.security.web.csrf.HttpSessionCsrfTokenRepository.CSRF_TOKEN',_binary '¬\í\0sr\06org.springframework.security.web.csrf.DefaultCsrfTokenZ\ï·\È/¢û\Õ\0L\0\nheaderNamet\0Ljava/lang/String;L\0\rparameterNameq\0~\0L\0tokenq\0~\0xpt\0X-CSRF-TOKENt\0_csrft\0$b17e62d9-4ed4-4ae3-9986-c712306d7307'),('8aef7e44-fd4a-411a-8789-e0562220c42c','SPRING_SECURITY_SAVED_REQUEST',_binary '¬\í\0sr\0Aorg.springframework.security.web.savedrequest.DefaultSavedRequest@HDù6d”\0I\0\nserverPortL\0contextPatht\0Ljava/lang/String;L\0cookiest\0Ljava/util/ArrayList;L\0headerst\0Ljava/util/Map;L\0localesq\0~\0L\0methodq\0~\0L\0\nparametersq\0~\0L\0pathInfoq\0~\0L\0queryStringq\0~\0L\0\nrequestURIq\0~\0L\0\nrequestURLq\0~\0L\0schemeq\0~\0L\0\nserverNameq\0~\0L\0servletPathq\0~\0xp\0\0t\0/exparcialg5sr\0java.util.ArrayListx\Ò™\Ça\0I\0sizexp\0\0\0w\0\0\0sr\09org.springframework.security.web.savedrequest.SavedCookie@+‚ŸÀ´f\0I\0maxAgeZ\0secureI\0versionL\0commentq\0~\0L\0domainq\0~\0L\0nameq\0~\0L\0pathq\0~\0L\0valueq\0~\0xpÿÿÿÿ\0\0\0\0\0ppt\0SESSIONpt\00Y2MxMmQ5YmUtMDQzMy00NjQ4LThmNTUtMzYwYjYwNTE1ZjAzxsr\0java.util.TreeMapÁö>-%j\æ\0L\0\ncomparatort\0Ljava/util/Comparator;xpsr\0*java.lang.String$CaseInsensitiveComparatorw\\}\\P\å\Î\0\0xpw\0\0\0\rt\0acceptsq\0~\0\0\0\0w\0\0\0t\0|text/html,application/xhtml+xml,application/xml;q=0.9,image/webp,image/apng,*/*;q=0.8,application/signed-exchange;v=b3;q=0.9xt\0accept-encodingsq\0~\0\0\0\0w\0\0\0t\0gzip, deflate, brxt\0accept-languagesq\0~\0\0\0\0w\0\0\0t\0#en-US,en;q=0.9,es-AR;q=0.8,es;q=0.7xt\0\nconnectionsq\0~\0\0\0\0w\0\0\0t\0\nkeep-alivext\0cookiesq\0~\0\0\0\0w\0\0\0t\08SESSION=Y2MxMmQ5YmUtMDQzMy00NjQ4LThmNTUtMzYwYjYwNTE1ZjAzxt\0hostsq\0~\0\0\0\0w\0\0\0t\0localhost:8080xt\0referersq\0~\0\0\0\0w\0\0\0t\0+http://localhost:8080/exparcialg5/loginFormxt\0sec-fetch-destsq\0~\0\0\0\0w\0\0\0t\0documentxt\0sec-fetch-modesq\0~\0\0\0\0w\0\0\0t\0navigatext\0sec-fetch-sitesq\0~\0\0\0\0w\0\0\0t\0same-originxt\0sec-fetch-usersq\0~\0\0\0\0w\0\0\0t\0?1xt\0upgrade-insecure-requestssq\0~\0\0\0\0w\0\0\0t\01xt\0\nuser-agentsq\0~\0\0\0\0w\0\0\0t\0rMozilla/5.0 (Windows NT 10.0; Win64; x64) AppleWebKit/537.36 (KHTML, like Gecko) Chrome/83.0.4103.97 Safari/537.36xxsq\0~\0\0\0\0w\0\0\0sr\0java.util.Locale~ø`œ0ù\ì\0I\0hashcodeL\0countryq\0~\0L\0\nextensionsq\0~\0L\0languageq\0~\0L\0scriptq\0~\0L\0variantq\0~\0xpÿÿÿÿt\0USt\0\0t\0enq\0~\0<q\0~\0<xsq\0~\09ÿÿÿÿq\0~\0<q\0~\0<q\0~\0=q\0~\0<q\0~\0<xsq\0~\09ÿÿÿÿt\0ARq\0~\0<t\0esq\0~\0<q\0~\0<xsq\0~\09ÿÿÿÿq\0~\0<q\0~\0<q\0~\0Aq\0~\0<q\0~\0<xxt\0GETsq\0~\0pw\0\0\0\0xppt\0/exparcialg5/usuariot\0)http://localhost:8080/exparcialg5/usuariot\0httpt\0	localhostt\0/usuario');
/*!40000 ALTER TABLE `spring_session_attributes` ENABLE KEYS */;
UNLOCK TABLES;

--
-- Table structure for table `usuario`
--

DROP TABLE IF EXISTS `usuario`;
/*!40101 SET @saved_cs_client     = @@character_set_client */;
/*!50503 SET character_set_client = utf8mb4 */;
CREATE TABLE `usuario` (
  `idusuario` int(11) NOT NULL AUTO_INCREMENT,
  `nombre` varchar(45) NOT NULL,
  `apellido` varchar(45) NOT NULL,
  `dni` varchar(8) NOT NULL,
  `correo` varchar(45) NOT NULL,
  `contrasena` varchar(100) NOT NULL,
  `confirmarcontrasena` varchar(100) NOT NULL,
  `rol_idrol` int(11) NOT NULL,
  `enable` tinyint(1) NOT NULL,
  PRIMARY KEY (`idusuario`),
  KEY `fk_usuario_rol_idx` (`rol_idrol`),
  CONSTRAINT `fk_usuario_rol` FOREIGN KEY (`rol_idrol`) REFERENCES `rol` (`idrol`)
) ENGINE=InnoDB AUTO_INCREMENT=4 DEFAULT CHARSET=utf8;
/*!40101 SET character_set_client = @saved_cs_client */;

--
-- Dumping data for table `usuario`
--

LOCK TABLES `usuario` WRITE;
/*!40000 ALTER TABLE `usuario` DISABLE KEYS */;
INSERT INTO `usuario` VALUES (1,'admin','admin','12345698','admin@pucp.edu.pe','$2y$12$2ln5zrj6OkvULb4ljYfBHOzbf6lMZl.1O8EU3JB/dafsiSy39ld1m','$2y$12$2ln5zrj6OkvULb4ljYfBHOzbf6lMZl.1O8EU3JB/dafsiSy39ld1m',1,1),(2,'Sergio','Muro','12345678','sergio@pucp.edu.pe','$2y$12$a0887j7rwlG1hH1OsPvjnOEyYD7SilAUeQqtJhccnoz.3TVzmFYlG','$2y$12$a0887j7rwlG1hH1OsPvjnOEyYD7SilAUeQqtJhccnoz.3TVzmFYlG',2,1),(3,'Eric','Benites','87654321','eric@pucp.edu.pe','$2y$12$xbUl6uoZF0rh5AATiiX1XORNuNOjbwrRab7/FVOZ8LvICkDXLJ3.2','$2y$12$xbUl6uoZF0rh5AATiiX1XORNuNOjbwrRab7/FVOZ8LvICkDXLJ3.2',3,1);
/*!40000 ALTER TABLE `usuario` ENABLE KEYS */;
UNLOCK TABLES;
/*!40103 SET TIME_ZONE=@OLD_TIME_ZONE */;

/*!40101 SET SQL_MODE=@OLD_SQL_MODE */;
/*!40014 SET FOREIGN_KEY_CHECKS=@OLD_FOREIGN_KEY_CHECKS */;
/*!40014 SET UNIQUE_CHECKS=@OLD_UNIQUE_CHECKS */;
/*!40101 SET CHARACTER_SET_CLIENT=@OLD_CHARACTER_SET_CLIENT */;
/*!40101 SET CHARACTER_SET_RESULTS=@OLD_CHARACTER_SET_RESULTS */;
/*!40101 SET COLLATION_CONNECTION=@OLD_COLLATION_CONNECTION */;
/*!40111 SET SQL_NOTES=@OLD_SQL_NOTES */;

-- Dump completed on 2020-06-08  6:09:34
